0,Steve Smith
1,Steve Johnson
2,Steve Williams
3,Steve Brown
4,Steve Jones
5,Steve Garcia
6,Steve Miller
7,Steve Davis
8,Steve Rodriguez
9,Steve Martinez
10,Steve Hernandez
11,Steve Lopez
12,Steve Gonzalez
13,Steve Wilson
14,Steve Anderson
15,Steve Thomas
16,Steve Taylor
17,Steve Moore
18,Steve Jackson
19,Steve Martin
20,Steve Lee
21,Steve Perez
22,Steve Thompson
23,Steve White
24,Steve Harris
25,Steve Sanchez
26,Steve Clark
27,Steve Ramirez
28,Steve Lewis
29,Steve Robinson
30,Steve Walker
31,Steve Young
32,Steve Allen
33,Steve King
34,Steve Wright
35,Steve Scott
36,Steve Torres
37,Steve Nguyen
38,Steve Hill
39,Steve Flores
40,Steve Green
41,Steve Adams
42,Steve Nelson
43,Steve Baker
44,Steve Hall
45,Steve Rivera
46,Steve Campbell
47,Steve Mitchell
48,Steve Carter
49,Steve Roberts
50,Steve Gomez
51,Steve Phillips
52,Steve Evans
53,Steve Turner
54,Steve Diaz
55,Steve Parker
56,Steve Cruz
57,Steve Edwards
58,Steve Collins
59,Steve Reyes
60,Steve Stewart
61,Steve Morris
62,Steve Morales
63,Steve Murphy
64,Steve Cook
65,Steve Rogers
66,Steve Gutierrez
67,Steve Ortiz
68,Steve Morgan
69,Steve Cooper
70,Steve Peterson
71,Steve Bailey
72,Steve Reed
73,Steve Kelly
74,Steve Howard
75,Steve Ramos
76,Steve Kim
77,Steve Cox
78,Steve Ward
79,Steve Richardson
80,Steve Watson
81,Steve Brooks
82,Steve Chavez
83,Steve Wood
84,Steve James
85,Steve Bennett
86,Steve Gray
87,Steve Mendoza
88,Steve Ruiz
89,Steve Hughes
90,Steve Price
91,Steve Alvarez
92,Steve Castillo
93,Steve Sanders
94,Steve Patel
95,Steve Myers
96,Steve Long
97,Steve Ross
98,Steve Foster
99,Steve Jimenez
100,Terrence Powell
101,Elian Jenkins
102,Felicity Perry
103,Jennifer Russell
104,Mitchell Sullivan
105,Kaleigh Bell
106,Melissa Coleman
107,Paulina Butler
108,Joel Henderson
109,Kaya Barnes
110,Tate Gonzales
111,Jeff Fisher
112,Bennett Vasquez
113,Darion Simmons
114,Perla Romero
115,Conor Jordan
116,Tyree Patterson
117,Cash Alexander
118,Kaylee Hamilton
119,Jean Graham
120,Charlie Reynolds
121,Lucas Griffin
122,Lillian Wallace
123,Destini Moreno
124,Titus West
125,Jaidyn Cole
126,Alex Hayes
127,Graham Bryant
128,Lamar Herrera
129,Fiona Gibson
130,Shaylee Ellis
131,Justine Tran
132,Yasmin Medina
133,Owen Aguilar
134,Melanie Stevens
135,Addisyn Murray
136,Konnor Ford
137,Kurt Castro
138,Matteo Marshall
139,Turner Owens
140,Sterling Harrison
141,Ronan Fernandez
142,Alexandra Mcdonald
143,Callie Woods
144,Lisa Washington
145,Axel Kennedy
146,Kaylin Wells
147,Alvin Vargas
148,Ryann Henry
149,Cynthia Chen
150,Savana Freeman
151,Camilla Webb
152,Zane Tucker
153,Jay Guzman
154,Talia Burns
155,Eddie Crawford
156,Kendrick Olson
157,Devin Simpson
158,Sara Porter
159,Kyree Hunter
160,Chase Gordon
161,Holden Mendez
162,Sydney Silva
163,Jakobe Shaw
164,Prince Snyder
165,Freddy Mason
166,Aliza Dixon
167,Romeo Munoz
168,Charlotte Hunt
169,Michaela Hicks
170,Gabrielle Holmes
171,Brad Palmer
172,Melisa Wagner
173,Carlos Black
174,Kyleigh Robertson
175,Brogan Boyd
176,Marissa Rose
177,Rolando Stone
178,Tyson Salazar
179,Tanner Fox
180,Elena Warren
181,Lillian Mills
182,Vaughn Meyer
183,Diego Rice
184,Amber Schmidt
185,Branson Garza
186,Bailey Daniels
187,Coy Ferguson
188,Parker Nichols
189,Sydnie Stephens
190,Rodolfo Soto
191,Bruce Weaver
192,Aydin Ryan
193,Erick Gardner
194,Gregory Payne
195,Irvin Grant
196,Sidney Dunn
197,Tyra Kelley
198,Kyra Spencer
199,April Hawkins
200,Katharine Arnold
201,Jamison Pierce
202,Josephine Vazquez
203,Kaleigh Hansen
204,Angelina Peters
205,Phoenix Santos
206,Dana Hart
207,Andre Bradley
208,Rodney Knight
209,Jolie Elliott
210,Linda Cunningham
211,Ezekiel Duncan
212,Peter Armstrong
213,Hugh Hudson
214,Karson Carroll
215,Vance Lane
216,Immanuel Riley
217,Devyn Andrews
218,Vanessa Alvarado
219,Priscilla Ray
220,Genevieve Delgado
221,Reyna Berry
222,Ramon Perkins
223,Fernando Hoffman
224,Claire Johnston
225,Payton Matthews
226,Betsy Pena
227,Antwan Richards
228,Annika Contreras
229,Oliver Willis
230,Logan Carpenter
231,Braden Lawrence
232,Camryn Sandoval
233,Dimitri Guerrero
234,Ace George
235,Vance Chapman
236,Brendon Rios
237,Sandra Estrada
238,Arielle Ortega
239,Marcel Watkins
240,Laura Greene
241,Sydney Nunez
242,Asa Wheeler
243,Armani Valdez
244,Tina Harper
245,Johnathon Burke
246,Rianna Larson
247,Julissa Santiago
248,Alexis Maldonado
249,Ivy Morrison
250,Alexander Franklin
251,Paxton Carlson
252,Reagan Austin
253,Cohen Dominguez
254,Alma Carr
255,Arielle Lawson
256,Carla Jacobs
257,Giovanna Obrien
258,Jaylin Lynch
259,Iliana Singh
260,Alysa Vega
261,Angie Bishop
262,Yosef Montgomery
263,Gia Oliver
264,Rosa Jensen
265,Britney Harvey
266,Junior Williamson
267,Nyasia Gilbert
268,Trace Dean
269,Morgan Sims
270,Randy Espinoza
271,Sabrina Howell
272,Reagan Li
273,Josh Wong
274,Layton Reid
275,Sasha Hanson
276,Irene Le
277,Claire Mccoy
278,Gunnar Garrett
279,Valerie Burton
280,Rudy Fuller
281,Bianca Wang
282,Charlie Weber
283,Derick Welch
284,Johnathan Rojas
285,Agustin Lucas
286,Casey Marquez
287,Adrien Fields
288,Amiya Park
289,Abdullah Yang
290,Marie Little
291,Zander Banks
292,Nick Padilla
293,Nikki Day
294,Jacqueline Walsh
295,Marco Bowman
296,Sandra Schultz
297,Jaycee Luna
298,Cornelius Fowler
299,Araceli Mejia
300,Cheyenne Davidson
301,Estefani Acosta
302,Alonso Brewer
303,Tania May
304,Damian Holland
305,Lizette Juarez
306,Jovanny Newman
307,Jailyn Pearson
308,Finnegan Curtis
309,Kassidy Cortez
310,Alexia Douglas
311,Frida Schneider
312,Kylee Joseph
313,Gabriela Barrett
314,Tariq Navarro
315,Guadalupe Figueroa
316,Kristofer Keller
317,Humberto Avila
318,Jakob Wade
319,Alexandra Molina
320,Priscila Stanley
321,Kirsten Hopkins
322,Ruben Campos
323,Eli Barnett
324,Jon Bates
325,Laney Chambers
326,Joe Caldwell
327,Leonardo Beck
328,Rogelio Lambert
329,Rex Miranda
330,William Byrd
331,Raphael Craig
332,Averie Ayala
333,Zaria Lowe
334,Marin Frazier
335,Nelson Powers
336,Alison Neal
337,Paisley Leonard
338,Princess Gregory
339,Keith Carrillo
340,Isabelle Sutton
341,Daphne Fleming
342,Bethany Rhodes
343,Ivan Shelton
344,Eric Schwartz
345,Prince Norris
346,Phillip Jennings
347,Amari Watts
348,Travis Duran
349,Isaias Walters
350,Kasey Cohen
351,Natalia Mcdaniel
352,Armando Moran
353,Kylie Parks
354,Kacey Steele
355,Nathaniel Vaughn
356,Triston Becker
357,Dale Holt
358,Darren Deleon
359,Jamiya Barker
360,Jaylin Terry
361,Laurel Hale
362,Jamal Leon
363,Marvin Hail
364,Benjamin Benson
365,Rosemary Haynes
366,Jaheim Horton
367,Macy Miles
368,Tianna Lyons
369,Zane Pham
370,Marion Graves
371,Octavio Bush
372,Lamar Thornton
373,Desirae Wolfe
374,Ivy Warner
375,Aleena Cabrera
376,Craig Mckinney
377,Kendrick Mann
378,Bernardo Zimmerman
379,Liam Dawson
380,Abbigail Lara
381,Zachary Fletcher
382,Yoselin Page
383,Caleb Mccarthy
384,Brennan Love
385,Nyasia Robles
386,Shayla Cervantes
387,Trinity Solis
388,Forrest Erickson
389,Rylan Reeves
390,Devan Chang
391,Shaun Klein
392,Alonzo Salinas
393,Susan Fuentes
394,Mia Baldwin
395,Serena Daniel
396,Nikhil Simon
397,Taliyah Velasquez
398,Darrius Hardy
399,Trey Higgins
400,Tayler Aguirre
401,Franklin Lin
402,Angelo Cummings
403,Cesar Chandler
404,Pamela Sharp
405,Brianne Barber
406,Anders Bowen
407,Ella Ochoa
408,Jaeden Dennis
409,Amelia Robbins
410,Brianna Liu
411,Victoria Ramsey
412,Grady Francis
413,Myra Griffith
414,Carter Paul
415,Kendra Blair
416,Kenneth Oconnor
417,Jordan Cardenas
418,Kaleb Pacheco
419,Issac Cross
420,Amina Calderon
421,Alfonso Quinn
422,Dulce Moss
423,Ciera Swanson
424,Arielle Chan
425,Frankie Rivas
426,Araceli Khan
427,Sky Rodgers
428,Andy Serrano
429,Declan Fitzgerald
430,Catherine Rosales
431,Brooks Stevenson
432,Ryan Christensen
433,Brenda Manning
434,Zackery Gill
435,Kira Curry
436,Hector Mclaughlin
437,Charles Harmon
438,Gage Mcgee
439,Hannah Gross
440,Jerome Doyle
441,Ernesto Garner
442,Cullen Newton
443,Ronaldo Burgess
444,Annalise Reese
445,Jaylene Walton
446,Kylee Blake
447,Brendan Trujillo
448,Reilly Adkins
449,Reuben Brady
450,Harley Goodman
451,Carmelo Roman
452,Mattie Webster
453,Hunter Goodwin
454,Clara Fischer
455,Lauren Huang
456,Abbey Potter
457,Liam Delacruz
458,Abraham Montoya
459,Alize Todd
460,Felicity Wu
461,Kale Hines
462,Keira Mullins
463,Zackary Castaneda
464,Camron Malone
465,Sydney Cannon
466,Allen Tate
467,Amari Mack
468,Summer Sherman
469,Agustin Hubbard
470,Alessandra Hodges
471,Ayla Zhang
472,Leilani Guerra
473,Annika Wolf
474,Melany Valencia
475,Jennifer Saunders
476,Derick Franco
477,Sarai Rowe
478,Aidyn Gallagher
479,Kelly Farmer
480,Oswaldo Hammond
481,Eleanor Hampton
482,Riley Townsend
483,Joselyn Ingram
484,Ann Wise
485,Javen Gallegos
486,Allen Clarke
487,Cierra Barton
488,Ava Schroeder
489,Jacoby Maxwell
490,Maria Waters
491,Rolando Logan
492,Madalynn Camacho
493,Ariel Strickland
494,Sage Norman
495,Gauge Person
496,Kianna Colon
497,Stephany Parsons
498,Yareli Frank
499,Porter Harrington
500,Yolanda Glover
501,Courtney Osborne
502,Randy Buchanan
503,Destiny Casey
504,Kyra Floyd
505,Messiah Patton
506,Britney Ibarra
507,Noe Ball
508,Shamar Tyler
509,Grant Suarez
510,Sasha Bowers
511,Felix Orozco
512,Deshawn Salas
513,Emmalee Cobb
514,Lacie Gibbs
515,Vicente Andrade
516,Korey Bauer
517,Karlee Conner
518,Yadira Moody
519,Genevieve Escobar
520,Elissa Mcguire
521,Cael Lloyd
522,Candace Mueller
523,James Hartman
524,Trystan French
525,Khalil Kramer
526,Valentin Mcbride
527,Esmeralda Pope
528,Kamari Lindsey
529,Nikki Velazquez
530,Celina Norton
531,Deacon Mccormick
532,Helen Sparks
533,Raul Flynn
534,Ashley Yates
535,Quinten Hogan
536,Alycia Marsh
537,Sergio Macias
538,Faith Villanueva
539,Kasey Zamora
540,Eugene Pratt
541,Nataly Stokes
542,Lilliana Owen
543,Nicolette Ballard
544,Menachem Lang
545,Freddy Brock
546,Joslyn Villarreal
547,Kaya Charles
548,Mya Drake
549,Kanye Barrera
550,Kieran Cain
551,Stacey Patrick
552,Dorothy Pineda
553,Jay Burnett
554,Simeon Mercado
555,Andrea Santana
556,Emmanuel Shepherd
557,Jovanni Bautista
558,Vernon Ali
559,Alize Shaffer
560,Alisson Lamb
561,Elyse Trevino
562,Alberto Mckenzie
563,Jasmin Hess
564,Tommy Beil
565,Rylee Olsen
566,Abril Cochran
567,Miracle Morton
568,Jamir Nash
569,Maggie Wilkins
570,Melissa Petersen
571,Jaydon Briggs
572,Deangelo Shah
573,Lilliana Roth
574,Marlon Nicholson
575,Manuel Holloway
576,Kayla Lozano
577,Casey Rangel
578,Christian Flowers
579,Madison Hoover
580,Charity Short
581,Jamie Arias
582,Annalise Mora
583,Colten Valenzuela
584,Malia Bryan
585,Madisen Meyers
586,Zion Weiss
587,Izabelle Underwood
588,Maximillian Bass
589,Marshall Greer
590,Jamison Summers
591,Aryan Houston
592,Meadow Carson
593,Kailey Morrow
594,Madeleine Clayton
595,Marshall Whitaker
596,Jacob Decker
597,Andre Yoder
598,Jayden Collier
599,Tyquan Zuniga
600,Alisa Carey
601,Jerome Wilcox
602,Selina Melendez
603,Angelina Poole
604,Alivia Roberson
605,Daphne Larsen
606,Jaylon Conley
607,Aubrie Davenport
608,Adeline Copeland
609,Giana Massey
610,Evie Lam
611,Corbin Huff
612,Luca Rocha
613,Ally Cameron
614,Yaritza Jefferson
615,Paola Hood
616,Jayda Monroe
617,Baby Anthony
618,Matthias Pittman
619,Santos Huynh
620,Beau Randall
621,Caden Singleton
622,Ashanti Kirk
623,Sophie Combs
624,Kennedi Mathis
625,Raven Christian
626,Salma Skinner
627,Kevin Bradford
628,Deborah Richard
629,Calista Galvan
630,Chris Wall
631,Cortez Boone
632,Ireland Kirby
633,Calvin Wilkinson
634,Briana Bridges
635,Dylan Bruce
636,Finn Atkinson
637,Aracely Velez
638,Lilliana Meza
639,Denisse Roy
640,Conner Vincent
641,Jordon York
642,Maxwell Hodge
643,Alexis Villa
644,Taya Abbott
645,Lane Allison
646,Reina Tapia
647,Edith Gates
648,Aydin Chase
649,Luis Sosa
650,Cooper Sweeney
651,Salvador Farrell
652,Joelle Wyatt
653,Shea Dalton
654,Liana Horn
655,Tylor Barron
656,Izabelle Phelps
657,Jadyn Yu
658,Humberto Dickerson
659,Emery Heath
660,Alejandro Foley
661,Nelson Atkins
662,Desirae Mathews
663,Mireya Bonilla
664,Fidel Acevedo
665,Maverick Benitez
666,Julian Zavala
667,Alexia Hensley
668,Rebekah Glenn
669,Stephon Cisneros
670,Kenny Harrell
671,Nathaniel Shields
672,Violet Rubio
673,Alfredo Huffman
674,Adolfo Choi
675,Jorden Boyer
676,Marie Garrison
677,Gilberto Arroyo
678,Alicia Bond
679,Rubi Kane
680,Ayden Hancock
681,Mallory Callahan
682,Ashlee Dillon
683,Rylee Cline
684,Russell Wiggins
685,Amir Grimes
686,Adolfo Arellano
687,Mila Melton
688,Allen Oneill
689,Katarina Savage
690,Carmelo Ho
691,Lilian Beltran
692,Roberto Pitts
693,Sylvia Parrish
694,Vincenzo Ponce
695,Alfonso Rich
696,Oscar Booth
697,Elisabeth Koch
698,Abel Golden
699,Ciara Ware
700,Kaitlynn Brennan
701,Ashley Mcdowell
702,Lacey Marks
703,Rey Cantu
704,Zoie Humphrey
705,Hassan Baxter
706,Aric Sawyer
707,Oliver Clay
708,Bryan Tanner
709,Bianca Hutchinson
710,Tyrese Kaur
711,Isabel Berg
712,Destiney Wiley
713,Shyanne Gilmore
714,Annabel Russo
715,Alana Villegas
716,Maura Hobbs
717,Xander Keith
718,Kiersten Wilkerson
719,Lena Ahmed
720,Kristen Beard
721,Jakob Mcclain
722,Reagan Montes
723,Taylor Mata
724,Keven Rosario
725,Dominik Vang
726,Chance Walter
727,Jazlyn Henson
728,Citlali Oneal
729,Weston Mosley
730,Austin Mcclure
731,Jewel Beasley
732,Tianna Stephenson
733,Nyla Snow
734,Freddy Huerta
735,Rylee Preston
736,Abigail Vance
737,Ulysses Barry
738,Tayler Johns
739,Shaylee Eaton
740,Vance Blackwell
741,Nya Dyer
742,Leilani Prince
743,Mckenna Macdonald
744,Avery Solomon
745,Camille Guevara
746,Seth Stafford
747,Mateo English
748,Gael Hurst
749,Noe Woodard
750,Mandy Cortes
751,Lindsey Shannon
752,Rylie Kemp
753,Frida Nolan
754,Julia Mccullough
755,Makena Merritt
756,Mollie Murillo
757,Alexis Moon
758,Araceli Salgado
759,Sincere Strong
760,Harley Kline
761,Casey Cordova
762,George Barajas
763,Isaak Roach
764,Hope Rosas
765,Lia Winters
766,Juan Jacobson
767,Helena Lester
768,Colten Knox
769,Evelyn Bullock
770,Cadence Kerr
771,Kathleen Leach
772,Gavin Meadows
773,Callum Orr
774,Diana Davila
775,Stephen Whitehead
776,Gracie Pruitt
777,Randy Kent
778,Annie Conway
779,Jerry Mckee
780,Addison Barr
781,Judah David
782,Alysha Dejesus
783,Bennett Marin
784,Casey Berger
785,Armando Mcintyre
786,Savannah Blankenship
787,Damarion Gaines
788,Heidi Palacios
789,Nicolas Cuevas
790,Katharine Bartlett
791,Ryan Durham
792,Madilyn Dorsey
793,Dalia Mccall
794,Byron Odonnell
795,Aedan Stein
796,Jaylin Browning
797,Iliana Stout
798,Rylee Lowery
799,Kamari Sloan
800,Larissa Mclean
801,Savanna Hendricks
802,Jamal Calhoun
803,Marie Sexton
804,Raymond Chung
805,Roger Gentry
806,Braydon Hull
807,Jaydin Duarte
808,Anika Ellison
809,Kirsten Nielsen
810,Amare Gillespie
811,Saniyah Buck
812,Dominique Middleton
813,Romeo Sellers
814,Brett Leblanc
815,Lucia Esparza
816,Steve Hardin
817,Lincoln Bradshaw
818,Hallie Mcintosh
819,Marcelo Howe
820,Christine Livingston
821,Gabriela Frost
822,Azaria Glass
823,Izaiah Morse
824,Dominique Knapp
825,Kathy Herman
826,Renee Stark
827,Laurel Bravo
828,Katelyn Noble
829,Erin Spears
830,Jolie Weeks
831,Elvis Corona
832,Anderson Frederick
833,Tucker Buckley
834,Meghan Mcfarland
835,Harley Hebert
836,Khalil Enriquez
837,Tyler Hickman
838,Cortez Quintero
839,Katie Randolph
840,Alexandria Schaefer
841,Andreas Walls
842,Josh Trejo
843,Stephany House
844,Misael Reilly
845,Shyanne Pennington
846,Mikel Michael
847,Zoe Conrad
848,Luz Giles
849,Rylan Benjamin
850,Stella Crosby
851,Brodie Fitzpatrick
852,Emily Donovan
853,Macie Mays
854,Celine Mahoney
855,Jordyn Valentine
856,Junior Raymond
857,Gretchen Medrano
858,Vanessa Hahn
859,Preston Mcmillan
860,Nataly Small
861,Ruth Bentley
862,Ariel Felix
863,Kimora Peck
864,Coby Lucero
865,Yuliana Boyle
866,Abigayle Hanna
867,Brenton Pace
868,Chana Rush
869,Mya Hurley
870,Elliott Harding
871,Nicole Mcconnell
872,Nikolas Bernal
873,Rickey Nava
874,Javen Ayers
875,Carley Everett
876,Emilia Ventura
877,Amirah Avery
878,Sydnee Pugh
879,Marisa Mayer
880,German Bender
881,Destin Shepard
882,Kenia Mcmahon
883,Ricardo Landry
884,Chelsea Case
885,Heaven Sampson
886,Kyle Moses
887,Terrell Magana
888,Xavier Blackburn
889,Lila Dunlap
890,Kennedy Gould
891,Melvin Duffy
892,Raymond Vaughan
893,Jared Herring
894,Devon Mckay
895,Kody Espinosa
896,Jordon Rivers
897,Lesley Farley
898,Douglas Bernard
899,Leticia Ashley
900,Judith Friedman
901,Destini Potts
902,Casey Truong
903,Corey Costa
904,Javion Correa
905,Kyra Blevins
906,Raymundo Nixon
907,Itzel Clements
908,Jaelyn Fry
909,Paige Delarosa
910,Marley Best
911,Omari Benton
912,Duncan Lugo
913,Luciana Portillo
914,Jake Dougherty
915,Brylee Crane
916,Taylor Haley
917,Darlene Phan
918,Allison Villalobos
919,Aliyah Blanchard
920,Jayson Horne
921,Kadence Finley
922,Jamir Quintana
923,Roderick Lynn
924,Nathaly Esquivel
925,Maliyah Bean
926,Donald Dodson
927,Jace Mullen
928,Kai Xiong
929,Reginald Hayden
930,Jovanni Cano
931,Dillan Levy
932,Zaria Huber
933,Danny Richmond
934,Julianna Moyer
935,Jabari Lim
936,Matias Frye
937,Kyleigh Sheppard
938,Nico Mccarty
939,Bella Avalos
940,Bonnie Booker
941,Brittney Waller
942,Kenyon Parra
943,Milton Woodward
944,Humberto Jaramillo
945,Jovanni Krueger
946,Mallory Rasmussen
947,Yvette Brandt
948,Joana Peralta
949,Ray Donaldson
950,Mariano Stuart
951,Claire Faulkner
952,Elaina Maynard
953,Tanner Galindo
954,Ramiro Coffey
955,Haylie Estes
956,Brianne Sanford
957,Talia Burch
958,Kiera Maddox
959,Ingrid Vo
960,Dulce Oconnell
961,Claudia Vu
962,Ava Andersen
963,Serena Spence
964,Terrance Mcpherson
965,Emmett Church
966,Zaire Schmitt
967,Leilani Stanton
968,Jeremy Leal
969,Nicholas Cherry
970,Princess Compton
971,Carlie Dudley
972,Kai Sierra
973,Ruben Pollard
974,Jaren Alfaro
975,Brielle Hester
976,London Proctor
977,Lena Lu
978,Edwin Hinton
979,Yazmin Novak
980,Deonte Good
981,Grady Madden
982,Serenity Mccann
983,Abbie Terrell
984,Forrest Jarvis
985,Naomi Dickson
986,Santiago Reyna
987,Larry Cantrell
988,Tristen Mayo
989,Manuel Branch
990,Alfonso Hendrix
991,Adrian Rollins
992,Charlee Rowland
993,Dallas Whitney
994,Savanna Duke
995,Rachael Odom
996,Evelin Daugherty
997,Dayanara Travis
998,Joselyn Tang
999,Yesenia Archer
